{
	"format_version": "1.8.0",
	"animations": {
		"animation.chase.white_zestu.walk": {
			"animation_length": 2.25,
			"bones": {
				"RightArm": {
					"rotation": {
						"0.0": [0, 0, 0],
						"0.6667": [-27.5, 0, 0],
						"1.6667": [25, 0, 0],
						"2.25": [0, 0, 0]
					}
				},
				"LeftArm": {
					"rotation": {
						"0.0": [0, 0, 0],
						"0.6667": [25, 0, 0],
						"1.6667": [-27.5, 0, 0],
						"2.25": [0, 0, 0]
					}
				},
				"LeftLeg": {
					"rotation": {
						"0.0": [0, 0, 0],
						"0.6667": [25, 0, 0],
						"1.6667": [-17.5, 0, 0],
						"2.25": [0, 0, 0]
					}
				},
				"RightLeg": {
					"rotation": {
						"0.0": [0, 0, 0],
						"0.6667": [-17.5, 0, 0],
						"1.6667": [25, 0, 0],
						"2.25": [0, 0, 0]
					}
				},
				"body": {
					"rotation": [0, 0, 0]
				},
				"head": {
					"rotation": {
						"0.0": [0, 0, 0],
						"0.6667": [5, 0, 0],
						"1.6667": [-5, 0, 0],
						"2.25": [0, 0, 0]
					}
				}
			}
		},
		"animation.chase.white_zestu.run": {
			"loop": true,
			"animation_length": 1.33333,
			"bones": {
				"RightArm": {
					"rotation": {
						"0.0": [0, 0, 0],
						"0.375": [-27.5, 0, 0],
						"0.9167": [25, 0, 0],
						"1.3333": [0, 0, 0]
					}
				},
				"LeftArm": {
					"rotation": {
						"0.0": [0, 0, 0],
						"0.375": [25, 0, 0],
						"0.9167": [-27.5, 0, 0],
						"1.3333": [0, 0, 0]
					}
				},
				"LeftLeg": {
					"rotation": {
						"0.0": [0, 0, 0],
						"0.375": [25, 0, 0],
						"0.7917": [-17.5, 0, 0],
						"1.3333": [0, 0, 0]
					}
				},
				"RightLeg": {
					"rotation": {
						"0.0": [0, 0, 0],
						"0.375": [-17.5, 0, 0],
						"0.7917": [25, 0, 0],
						"1.3333": [0, 0, 0]
					}
				},
				"body": {
					"rotation": [0, 0, 0]
				},
				"head": {
					"rotation": {
						"0.0": [0, 0, 0],
						"0.1667": [5, 0, 0],
						"0.4167": [3.89421, 2.99309, 0.20365],
						"0.9583": [-3.8942, -2.9931, 0.2037],
						"1.1667": [-5, 0, 0],
						"1.3333": [0, 0, 0]
					}
				}
			}
		},
		"animation.chase.white_zestu.attack": {
			"animation_length": 0.54167,
			"bones": {
				"RightArm": {
					"rotation": {
						"0.0": [0, 0, 0],
						"0.0417": [-70, 0, 0],
						"0.2083": [0, 0, 0],
						"0.375": [8.41, 0, 0],
						"0.5": [0, 0, 0]
					}
				},
				"LeftArm": {
					"rotation": {
						"0.0": [0, 0, 0],
						"0.2083": [27.5, 0, 0],
						"0.5": [0, 0, 0]
					}
				},
				"LeftLeg": {
					"rotation": {
						"0.0": [0, 0, 0],
						"0.25": [17.5, 2.5, 0],
						"0.5": [0, 0, 0]
					}
				},
				"RightLeg": {
					"rotation": {
						"0.0": [0, 0, 0],
						"0.25": [-10, -10, 0],
						"0.5": [0, 0, 0]
					}
				},
				"head": {
					"rotation": {
						"0.0": [0, 0, 0],
						"0.0833": [2.5, 0, 0],
						"0.3333": [-2.5, 0, 0],
						"0.5417": [0, 0, 0]
					}
				}
			}
		}
	}
}